ContactName,InvoiceNumber,Reference,InvoiceDate,DueDate,Description,Quantity,UnitAmount,Discount,AccountCode,TaxType,TrackingName1,TrackingOption1
AC Pet Foods,C83407,,2012-10-31,2012-11-20,AC Patfoods Mailout & Magnet - Job 73752 - Delivery IOA - 25 grams.    Boxholder Type: Dairy. ,0.854,175.6,,100,15% GST on income,Division,Circulars
Ag ITO,C83408,,2012-10-31,2012-11-20,Ag ITO Card - Job 73266 - Delivery 03 Oct 2012 - 10 grams.    Boxholder Type: Sheepbeef. ,6.926,97.1,,100,15% GST on income,Division,Circulars
Ag ITO,C83409,,2012-10-31,2012-11-20,Ag ITO Postcard - Job 73688 - Delivery IOA - 10 grams.    Boxholder Type: Sheepbeef. Includes Linehaul.,1.483,101.1,,100,15% GST on income,Division,Circulars
Ag ITO,C83410,,2012-10-31,2012-11-20,Staff Training - Job 73755 - Delivery IOA - 10 grams.    Boxholder Type: Dairy. Includes Linehaul.,1.009,148.7,,100,15% GST on income,Division,Circulars
Aoraki Polytech,C83411,,2012-10-31,2012-11-20,Aoraki Polytech Flyer - Job 73051 - Delivery 29 Oct 2012 - 10 grams.    Boxholder Type: Sheepbeef. Includes Linehaul.,1.623,97.1,,100,15% GST on income,Division,Circulars
APN Holdings NZ Ltd,C83412,,2012-10-31,2012-11-20,Cambridge Property Guide - Job 72880 - Delivery 03 Oct 2012 - 75 grams. Includes folding fee 0.0100 cents.   Boxholder Type: Total. ,2.18,95.6,,100,15% GST on income,Division,Circulars
,C83412,,2012-10-31,2012-11-20,Cambridge Property Guide - Job 72881 - Delivery 10 Oct 2012 - 75 grams. Includes folding fee 0.0100 cents.   Boxholder Type: Total. ,2.18,95.6,,100,15% GST on income,Division,Circulars
,C83412,,2012-10-31,2012-11-20,Cambridge Property Guide - Job 73854 - Delivery 17 Oct 2012 - 75 grams. Includes folding fee 0.0100 cents.   Boxholder Type: Total. ,2.18,95.6,,100,15% GST on income,Division,Circulars
,C83412,,2012-10-31,2012-11-20,Cambridge Property Guide - Job 73855 - Delivery 24 Oct 2012 - 75 grams. Includes folding fee 0.0100 cents.   Boxholder Type: Total. ,2.18,95.6,,100,15% GST on income,Division,Circulars
,C83412,,2012-10-31,2012-11-20,Cambridge Property Guide - Job 73856 - Delivery 31 Oct 2012 - 75 grams. Includes folding fee 0.0100 cents.   Boxholder Type: Total. ,2.18,95.6,,100,15% GST on income,Division,Circulars
APN Holdings NZ Ltd,C83413,,2012-10-31,2012-11-20,Rural Advocate - Job 73324 - Delivery 18 Oct 2012 - 141 grams.    Boxholder Type: Total. ,6.125,92,,100,15% GST on income,Division,Circulars
,C83413,,2012-10-31,2012-11-20,Rural Advocate - Job 73325 - Delivery 18 Oct 2012 - 141 grams.    Boxholder Type: Farmers. ,1.94,92,,100,15% GST on income,Division,Circulars
APN Holdings NZ Ltd,C83414,,2012-10-31,2012-11-20,Te Puke Times - Job 72884 - Delivery 04 Oct 2012 - 82 grams.    Boxholder Type: Total. ,3.27,85.6,,100,15% GST on income,Division,Circulars
,C83414,,2012-10-31,2012-11-20,Te Puke Times - Job 72885 - Delivery 11 Oct 2012 - 111 grams.    Boxholder Type: Total. ,3.27,92,,100,15% GST on income,Division,Circulars
,C83414,,2012-10-31,2012-11-20,Te Puke Times - Job 73864 - Delivery 18 Oct 2012 - 71 grams.    Boxholder Type: Total. ,3.27,85.6,,100,15% GST on income,Division,Circulars
,C83414,,2012-10-31,2012-11-20,Te Puke Times - Job 73865 - Delivery 25 Oct 2012 - 76 grams.    Boxholder Type: Total. ,3.27,85.6,,100,15% GST on income,Division,Circulars
Arcadia Marketing,C83415,,2012-10-31,2012-11-20,Frm location Maps - Job 73338 - Delivery 09 Oct 2012 - 100 grams.    Boxholder Type: Farmers. Includes Linehaul.,1.88,94.2,,100,15% GST on income,Division,Circulars
Arcadia Marketing,C83416,,2012-10-31,2012-11-20,Reply Paid Cards - Job 73323 - Delivery 08 Oct 2012 - 10 grams.    Boxholder Type: Farmers. ,1.907,78.8,,100,15% GST on income,Division,Circulars
Bayer NZ,C83417,,2012-10-31,2012-11-20,Bayer Heifer Mail Drop - Job 73255 - Delivery 09 Oct 2012 - 10 grams.    Boxholder Type: Dairy. Includes Linehaul.,17.204,97.1,,100,15% GST on income,Division,Circulars
Bayer NZ,C83418,,2012-10-31,2012-11-20,Lactapen G - Job 73399 - Delivery IOA - 10 grams.    Boxholder Type: Dairy. Includes Linehaul.,26.229,97.1,,100,15% GST on income,Division,Circulars
Whalan & Partners Li,C83419,,2012-10-31,2012-11-20,Glenbrae Card - Job 73398 - Delivery IOA - 10 grams.    Boxholder Type: Farmers. Includes Linehaul.,0.452,331.9,,100,15% GST on income,Division,Circulars
Whalan & Partners Li,C83420,513733,2012-10-31,2012-11-20,Hillview Postcard - Job 73361 - Delivery 11 Oct 2012 - 10 grams.    Boxholder Type: Total. Includes Linehaul.,0.922,162.7,,100,15% GST on income,Division,Circulars
Whalan & Partners Li,C83421,,2012-10-31,2012-11-20,Rural Property Research - Job 73660 - Delivery IOA - 10 grams.    Boxholder Type: Lifestyle. Includes Linehaul.,1.695,87,,100,15% GST on income,Division,Circulars
Whalan & Partners Li,C83422,513224,2012-10-31,2012-11-20,Waipara Support or Finishing - Job 73228 - Delivery 02 Oct 2012 - 10 grams.    Boxholder Type: Farmers. Includes Linehaul.,0.822,182.5,,100,15% GST on income,Division,Circulars
Whalan & Partners Li,C83423,,2012-10-31,2012-11-20,Wanted - Bill Whalan - Job 73724 - Delivery 29 Oct 2012 - 10 grams.    Boxholder Type: Farmers. Includes Linehaul.,1.05,142.9,,100,15% GST on income,Division,Circulars
Beef + Lamb NZ Hast,C83424,21967,2012-10-31,2012-11-20,Framing the Future - Job 73400 - Delivery 16 Oct 2012 - 10 grams.    Boxholder Type: Sheepbeef. Includes Linehaul.,6.806,97.1,,100,15% GST on income,Division,Circulars
Beef + Lamb NZ Feild,C83425,,2012-10-31,2012-11-20,Better Farm Buying Decisions - Job 73426 - Delivery IOA - 10 grams.    Boxholder Type: Sheepbeef. Includes Linehaul.,4.742,97.1,,100,15% GST on income,Division,Circulars
Business Media Press,C83426,,2012-10-31,2012-11-20,Rural Living  - Job 73423 - Delivery 26 Oct 2012 - 75 grams.    Boxholder Type: Total. Includes Linehaul.,14.828,99.6,,100,15% GST on income,Division,Circulars
Cervus Equipment (Ma,C83427,,2012-10-31,2012-11-20,John Deere - Job 72377 - Delivery 31 Oct 2012 - 10 grams.    Boxholder Type: Lifestyle. Includes Linehaul.,18.995,88.3,,100,15% GST on income,Division,Circulars
Cropmark Seeds Ltd,C83428,,2012-10-31,2012-11-20,GrubOut Brochure - Job 73656 - Delivery IOA - 20 grams.    Boxholder Type: Farmers. Includes Linehaul.,80.881,97.1,,100,15% GST on income,Division,Circulars
DairyNZ Ltd,C83429,,2012-10-31,2012-11-20,Central Plateau Effluent Workshop - Job 73403 - Delivery 23 Oct 2012 - 15 grams.    Boxholder Type: Dairy. ,1.243,120.7,,100,15% GST on income,Division,Circulars
DairyNZ Ltd,C83430,134030,2012-10-31,2012-11-20,DairyNZ Variation 6 - Job 73166 - Delivery 03 Oct 2012 - 10 grams.    Boxholder Type: Dairy. ,1.172,128,,100,15% GST on income,Division,Circulars
DairyNZ Ltd,C83431,134333,2012-10-31,2012-11-20,Effluent Plannig & Design Workshops - Job 73401 - Delivery 29 Oct 2012 - 15 grams.    Boxholder Type: Dairy. ,2.061,80.5,,100,15% GST on income,Division,Circulars
DairyNZ Ltd,C83432,134214,2012-10-31,2012-11-20,Effluent Planning and Design Workshop - Job 73291 - Delivery 11 Oct 2012 - 10 grams.    Boxholder Type: Dairy. ,2.365,80.5,,100,15% GST on income,Division,Circulars
DairyNZ Ltd,C83433,134334,2012-10-31,2012-11-20,Effulent Planning & Design Workshop - Job 73402 - Delivery 17 Oct 2012 - 15 grams.    Boxholder Type: Dairy. ,1.766,85,,100,15% GST on income,Division,Circulars
DairyNZ Ltd,C83434,134129,2012-10-31,2012-11-20,Focus Farm Flyer - Job 73230 - Delivery 03 Oct 2012 - 10 grams.    Boxholder Type: Dairy. Includes Linehaul.,3.583,94.9,,100,15% GST on income,Division,Circulars
DairyNZ Ltd,C83435,134548,2012-10-31,2012-11-20,MilkSmart - Job 73697 - Delivery IOA - 10 grams.    Boxholder Type: Dairy. Includes Linehaul.,2.378,80.5,,100,15% GST on income,Division,Circulars
DairyNZ Ltd,C83436,134436,2012-10-31,2012-11-20,NZDIA launch flyer - Job 73558 - Delivery 22 Oct 2012 - 15 grams.    Boxholder Type: Dairy. ,1.145,131,,100,15% GST on income,Division,Circulars
DairyNZ Ltd,C83437,134160,2012-10-31,2012-11-20,Plan Ahead Events - Job 73287 - Delivery IOA - 10 grams.    Boxholder Type: Dairy. ,1.691,88.7,,100,15% GST on income,Division,Circulars
DairyNZ Ltd,C83438,134218,2012-10-31,2012-11-20,Westpac Trust Agricutral Reseearch Station Opening - Job 73421 - Delivery 17 Oct 2012 - 10 grams.    Boxholder Type: Dairy. Includes Linehaul.,3.583,94.9,,100,15% GST on income,Division,Circulars
Dow Agroscience,C83439,U396532,2012-10-31,2012-11-20,Giant Buttercup Flyer - Job 73238 - Delivery 02 Oct 2012 - 10 grams.    Boxholder Type: Farmers. ,0.951,157.7,,100,15% GST on income,Division,Circulars
Duncan Realty Rotoru,C83440,,2012-10-31,2012-11-20,Duncan Realty Taupo Flyer - Job 73427 - Delivery 16 Oct 2012 - 10 grams.    Boxholder Type: Farmers. Includes Linehaul.,0.454,330.4,,100,15% GST on income,Division,Circulars
Duncan Realty Rotoru,C83441,,2012-10-31,2012-11-20,Farm Tender - Duncan Realty - Job 73239 - Delivery 02 Oct 2012 - 10 grams.    Boxholder Type: Farmers. Includes Linehaul.,0.564,266,,100,15% GST on income,Division,Circulars
Dynamic Maintenance,C83442,,2012-10-31,2012-11-20,Dynamic Maintenance Flyer - Job 73237 - Delivery 02 Oct 2012 - 0 grams.    Boxholder Type: Total. ,4.988,82.4,,100,15% GST on income,Division,Circulars
Enviroment First,C83443,,2012-10-31,2012-11-20,Enviroment First - Job 73420 - Delivery IOA - 10 grams.    Boxholder Type: Total. Includes Linehaul.,2.98,97.1,,100,15% GST on income,Division,Circulars
Etec Crop Solutions ,C83444,,2012-10-31,2012-11-20,3M - South - Job 73080 - Delivery IOA - 10 grams.    Boxholder Type: Sheepbeef. ,8.067,82.4,,100,15% GST on income,Division,Circulars
Etec Crop Solutions ,C83445,,2012-10-31,2012-11-20,3M- South - Job 73079 - Delivery IOA - 10 grams.    Boxholder Type: Dairy. ,1.424,82.4,,100,15% GST on income,Division,Circulars
Etec Crop Solutions ,C83446,,2012-10-31,2012-11-20,Metarex mail out - Job 73075 - Delivery IOA - 10 grams.    Boxholder Type: Farmers. ,50.775,82.4,,100,15% GST on income,Division,Circulars
,C83446,,2012-10-31,2012-11-20,Metarex Mail out - Job 73076 - Delivery IOA - 15 grams.    Boxholder Type: Dairy. ,1.223,82.4,,100,15% GST on income,Division,Circulars
,C83446,,2012-10-31,2012-11-20,Metarex Mail Out - Job 73077 - Delivery IOA - 15 grams.    Boxholder Type: Sheepbeef. ,13.857,82.4,,100,15% GST on income,Division,Circulars
Fagan Motors,C83447,,2012-10-31,2012-11-20,Fagan Motors - Job 73545 - Delivery 23 Oct 2012 - 10 grams.    Boxholder Type: Total. ,0.79,189.9,,100,15% GST on income,Division,Circulars
Fairfax - Dargaville,C83448,,2012-10-31,2012-11-20,Dargaville District News - Job 72888 - Delivery 03 Oct 2012 - 44 grams. Includes folding fee 0.0100 cents.   Boxholder Type: Total. ,3.065,87.5,,100,15% GST on income,Division,Circulars
,C83448,,2012-10-31,2012-11-20,Dargaville District News - Job 72889 - Delivery 10 Oct 2012 - 44 grams. Includes folding fee 0.0100 cents.   Boxholder Type: Total. ,3.065,87.5,,100,15% GST on income,Division,Circulars
,C83448,,2012-10-31,2012-11-20,Dargaville District News - Job 73572 - Delivery 17 Oct 2012 - 44 grams. Includes folding fee 0.0100 cents.   Boxholder Type: Total. ,3.065,87.5,,100,15% GST on income,Division,Circulars
,C83448,,2012-10-31,2012-11-20,Dargaville District News - Job 73573 - Delivery 24 Oct 2012 - 55 grams. Includes folding fee 0.0100 cents.   Boxholder Type: Total. ,3.065,98.6,,100,15% GST on income,Division,Circulars
,C83448,,2012-10-31,2012-11-20,Dargaville District News - Job 73574 - Delivery 31 Oct 2012 - 44 grams. Includes folding fee 0.0100 cents.   Boxholder Type: Total. ,3.065,87.5,,100,15% GST on income,Division,Circulars
Fairfax - Whangarei ,C83449,,2012-10-31,2012-11-20,Whangarei Leader - Job 72988 - Delivery 02 Oct 2012 - 60 grams. Includes folding fee 0.0100 cents.   Boxholder Type: Total. ,7.92,98.6,,100,15% GST on income,Division,Circulars
,C83449,,2012-10-31,2012-11-20,Whangarei Leader - Job 72989 - Delivery 09 Oct 2012 - 76 grams. Includes folding fee 0.0100 cents.   Boxholder Type: Total. ,7.92,98.6,,100,15% GST on income,Division,Circulars
,C83449,,2012-10-31,2012-11-20,Whangarei Leader - Job 73587 - Delivery 16 Oct 2012 - 66 grams. Includes folding fee 0.0100 cents.   Boxholder Type: Total. ,7.92,98.6,,100,15% GST on income,Division,Circulars
,C83449,,2012-10-31,2012-11-20,Whangarei Leader - Job 73588 - Delivery 23 Oct 2012 - 66 grams. Includes folding fee 0.0100 cents.   Boxholder Type: Total. ,7.92,98.6,,100,15% GST on income,Division,Circulars
,C83449,,2012-10-31,2012-11-20,Whangarei Leader - Job 73589 - Delivery 30 Oct 2012 - 63 grams. Includes folding fee 0.0100 cents.   Boxholder Type: Total. ,7.92,98.6,,100,15% GST on income,Division,Circulars
Fairfax - WRCN,C83450,,2012-10-31,2012-11-20,Cambridge Edition - Job 72894 - Delivery 03 Oct 2012 - 66 grams. Includes folding fee 0.0100 cents.   Boxholder Type: Total. ,3.94,98.6,,100,15% GST on income,Division,Circulars
,C83450,,2012-10-31,2012-11-20,Cambridge Edition - Job 72895 - Delivery 10 Oct 2012 - 87 grams. Includes folding fee 0.0100 cents.   Boxholder Type: Total. ,3.94,98.6,,100,15% GST on income,Division,Circulars
,C83450,,2012-10-31,2012-11-20,Cambridge Edition - Job 73592 - Delivery 17 Oct 2012 - 87 grams. Includes folding fee 0.0100 cents.   Boxholder Type: Total. ,3.94,98.6,,100,15% GST on income,Division,Circulars
,C83450,,2012-10-31,2012-11-20,Cambridge Edition - Job 73593 - Delivery 24 Oct 2012 - 98 grams. Includes folding fee 0.0100 cents.   Boxholder Type: Total. ,3.94,98.6,,100,15% GST on income,Division,Circulars
,C83450,,2012-10-31,2012-11-20,Cambridge Edition - Job 73594 - Delivery 31 Oct 2012 - 66 grams. Includes folding fee 0.0100 cents.   Boxholder Type: Total. ,3.94,98.6,,100,15% GST on income,Division,Circulars
Fairfax - WRCN,C83451,,2012-10-31,2012-11-20,FCN - Thursday - Job 72898 - Delivery 04 Oct 2012 - 218 grams. Includes folding fee 0.0100 cents.   Boxholder Type: Total. ,11.345,126.3,,100,15% GST on income,Division,Circulars
,C83451,,2012-10-31,2012-11-20,FCN - Thursday - Job 72899 - Delivery 11 Oct 2012 - 218 grams. Includes folding fee 0.0100 cents.   Boxholder Type: Total. ,11.345,126.3,,100,15% GST on income,Division,Circulars
,C83451,,2012-10-31,2012-11-20,FCN - Thursday - Job 72900 - Delivery 18 Oct 2012 - 218 grams. Includes folding fee 0.0100 cents.   Boxholder Type: Total. ,11.345,126.3,,100,15% GST on income,Division,Circulars
,C83451,,2012-10-31,2012-11-20,FCN - Thursday - Job 73577 - Delivery 25 Oct 2012 - 218 grams. Includes folding fee 0.0100 cents.   Boxholder Type: Total. ,11.345,126.3,,100,15% GST on income,Division,Circulars
Fairfax - WRCN,C83452,,2012-10-31,2012-11-20,FCN - Tuesday - Job 72922 - Delivery 02 Oct 2012 - 66 grams. Includes folding fee 0.0100 cents.   Boxholder Type: Total. ,11.145,98.6,,100,15% GST on income,Division,Circulars
,C83452,,2012-10-31,2012-11-20,FCN - Tuesday - Job 72923 - Delivery 09 Oct 2012 - 87 grams. Includes folding fee 0.0100 cents.   Boxholder Type: Total. ,11.145,98.6,,100,15% GST on income,Division,Circulars
,C83452,,2012-10-31,2012-11-20,FCN - Tuesday - Job 73581 - Delivery 16 Oct 2012 - 87 grams. Includes folding fee 0.0100 cents.   Boxholder Type: Total. ,11.145,98.6,,100,15% GST on income,Division,Circulars
,C83452,,2012-10-31,2012-11-20,FCN - Tuesday - Job 73582 - Delivery 23 Oct 2012 - 66 grams. Includes folding fee 0.0100 cents.   Boxholder Type: Total. ,11.145,98.6,,100,15% GST on income,Division,Circulars
,C83452,,2012-10-31,2012-11-20,FCN - Tuesday - Job 73583 - Delivery 30 Oct 2012 - 66 grams. Includes folding fee 0.0100 cents.   Boxholder Type: Total. ,11.145,98.6,,100,15% GST on income,Division,Circulars
Fairfax - WRCN,C83453,,2012-10-31,2012-11-20,Matamata Chronicle - Job 73029 - Delivery 03 Oct 2012 - 85 grams. Includes folding fee 0.0100 cents.   Boxholder Type: Total. ,1.855,131.8,,100,15% GST on income,Division,Circulars
,C83453,,2012-10-31,2012-11-20,Matamata Chronicle - Job 73030 - Delivery 10 Oct 2012 - 66 grams. Includes folding fee 0.0100 cents.   Boxholder Type: Total. ,1.855,131.8,,100,15% GST on income,Division,Circulars
,C83453,,2012-10-31,2012-11-20,Matamata Chronicle - Job 73559 - Delivery 17 Oct 2012 - 66 grams. Includes folding fee 0.0100 cents.   Boxholder Type: Total. ,1.855,98.6,,100,15% GST on income,Division,Circulars
,C83453,,2012-10-31,2012-11-20,Matamata Chronicle - Job 73560 - Delivery 24 Oct 2012 - 87 grams. Includes folding fee 0.0100 cents.   Boxholder Type: Total. ,1.855,98.6,,100,15% GST on income,Division,Circulars
,C83453,,2012-10-31,2012-11-20,Matamata Chronicle - Job 73561 - Delivery 31 Oct 2012 - 66 grams. Includes folding fee 0.0100 cents.   Boxholder Type: Total. ,1.855,98.6,,100,15% GST on income,Division,Circulars
Fairfax - WRCN,C83454,,2012-10-31,2012-11-20,Nth Waikato News - Job 72927 - Delivery 03 Oct 2012 - 33 grams. Includes folding fee 0.0100 cents.   Boxholder Type: Total. ,2.876,87.5,,100,15% GST on income,Division,Circulars
,C83454,,2012-10-31,2012-11-20,Nth Waikato News - Job 72928 - Delivery 10 Oct 2012 - 33 grams. Includes folding fee 0.0100 cents.   Boxholder Type: Total. ,2.876,87.5,,100,15% GST on income,Division,Circulars
,C83454,,2012-10-31,2012-11-20,Nth Waikato News - Job 73598 - Delivery 17 Oct 2012 - 44 grams. Includes folding fee 0.0100 cents.   Boxholder Type: Total. ,2.876,87.5,,100,15% GST on income,Division,Circulars
,C83454,,2012-10-31,2012-11-20,Nth Waikato News - Job 73599 - Delivery 24 Oct 2012 - 44 grams. Includes folding fee 0.0100 cents.   Boxholder Type: Total. ,2.876,87.5,,100,15% GST on income,Division,Circulars
,C83454,,2012-10-31,2012-11-20,Nth Waikato News - Job 73600 - Delivery 31 Oct 2012 - 44 grams. Includes folding fee 0.0100 cents.   Boxholder Type: Total. ,2.876,87.5,,100,15% GST on income,Division,Circulars
Fairfax - WRCN,C83455,,2012-10-31,2012-11-20,Piako Post - Job 72911 - Delivery 03 Oct 2012 - 66 grams. Includes folding fee 0.0100 cents.   Boxholder Type: Total. ,3.457,98.6,,100,15% GST on income,Division,Circulars
,C83455,,2012-10-31,2012-11-20,Piako Post - Job 72912 - Delivery 10 Oct 2012 - 66 grams. Includes folding fee 0.0100 cents.   Boxholder Type: Total. ,3.457,98.6,,100,15% GST on income,Division,Circulars
,C83455,,2012-10-31,2012-11-20,Piako Post - Job 73603 - Delivery 17 Oct 2012 - 66 grams. Includes folding fee 0.0100 cents.   Boxholder Type: Total. ,3.457,98.6,,100,15% GST on income,Division,Circulars
,C83455,,2012-10-31,2012-11-20,Piako Post - Job 73604 - Delivery 24 Oct 2012 - 109 grams. Includes folding fee 0.0100 cents.   Boxholder Type: Total. ,3.457,109.7,,100,15% GST on income,Division,Circulars
,C83455,,2012-10-31,2012-11-20,Piako Post - Job 73605 - Delivery 31 Oct 2012 - 66 grams. Includes folding fee 0.0100 cents.   Boxholder Type: Total. ,3.457,98.6,,100,15% GST on income,Division,Circulars
Fairfax - WRCN,C83456,,2012-10-31,2012-11-20,Rotorua Review - Job 72915 - Delivery 03 Oct 2012 - 66 grams. Includes folding fee 0.0100 cents.   Boxholder Type: Total. ,2.885,98.6,,100,15% GST on income,Division,Circulars
,C83456,,2012-10-31,2012-11-20,Rotorua Review - Job 72916 - Delivery 10 Oct 2012 - 87 grams. Includes folding fee 0.0100 cents.   Boxholder Type: Total. ,2.885,98.6,,100,15% GST on income,Division,Circulars
,C83456,,2012-10-31,2012-11-20,Rotorua Review - Job 73608 - Delivery 17 Oct 2012 - 87 grams. Includes folding fee 0.0100 cents.   Boxholder Type: Total. ,2.885,98.6,,100,15% GST on income,Division,Circulars
,C83456,,2012-10-31,2012-11-20,Rotorua Review - Job 73609 - Delivery 24 Oct 2012 - 87 grams. Includes folding fee 0.0100 cents.   Boxholder Type: Total. ,2.885,98.6,,100,15% GST on income,Division,Circulars
,C83456,,2012-10-31,2012-11-20,Rotorua Review - Job 73610 - Delivery 31 Oct 2012 - 87 grams. Includes folding fee 0.0100 cents.   Boxholder Type: Total. ,2.885,98.6,,100,15% GST on income,Division,Circulars
Fairfax - WRCN,C83457,,2012-10-31,2012-11-20,Sth Waikato News - Job 72918 - Delivery 03 Oct 2012 - 66 grams. Includes folding fee 0.0100 cents.   Boxholder Type: Total. ,2.017,98.6,,100,15% GST on income,Division,Circulars
,C83457,,2012-10-31,2012-11-20,Sth Waikato News - Job 72919 - Delivery 10 Oct 2012 - 87 grams. Includes folding fee 0.0100 cents.   Boxholder Type: Total. ,2.017,98.6,,100,15% GST on income,Division,Circulars
,C83457,,2012-10-31,2012-11-20,Sth Waikato News - Job 73613 - Delivery 17 Oct 2012 - 87 grams. Includes folding fee 0.0100 cents.   Boxholder Type: Total. ,2.017,98.6,,100,15% GST on income,Division,Circulars
,C83457,,2012-10-31,2012-11-20,Sth Waikato News - Job 73614 - Delivery 24 Oct 2012 - 87 grams. Includes folding fee 0.0100 cents.   Boxholder Type: Total. ,2.017,98.6,,100,15% GST on income,Division,Circulars
,C83457,,2012-10-31,2012-11-20,Sth Waikato News - Job 73615 - Delivery 31 Oct 2012 - 66 grams. Includes folding fee 0.0100 cents.   Boxholder Type: Total. ,2.017,98.6,,100,15% GST on income,Division,Circulars
Fairfax - WRCN,C83458,,2012-10-31,2012-11-20,Waikato Farmers Newspaper - Job 72924 - Delivery IOA - 131 grams. Includes folding fee 0.0100 cents.   Boxholder Type: Total. Includes Linehaul.,11.27,154,,100,15% GST on income,Division,Circulars
Fiber-Fresh,C83459,,2012-10-31,2012-11-20,Fiber Fresh Flyer - Job 73657 - Delivery IOA - 10 grams.    Boxholder Type: Dairy. Includes Linehaul.,20.568,97.1,,100,15% GST on income,Division,Circulars
Fiber-Fresh,C83460,,2012-10-31,2012-11-20,Fiber-Fresh  - Job 73723 - Delivery 30 Oct 2012 - 10 grams.    Boxholder Type: Dairy. Includes Linehaul.,3,97.1,,100,15% GST on income,Division,Circulars
Fluid NZ Limited,C83461,,2012-10-31,2012-11-20,Faggiolati Pumps - Job 73347 - Delivery 10 Oct 2012 - 10 grams.    Boxholder Type: Total. Includes Linehaul.,6.035,74.9,,100,15% GST on income,Division,Circulars
GEA Farm Technologie,C83462,,2012-10-31,2012-11-20,NZ Sheds Houle Flyer - Job 73352 - Delivery IOA - 10 grams.    Boxholder Type: Dairy. Includes Linehaul.,1.882,97.1,,100,15% GST on income,Division,Circulars
H2 Group,C83463,,2012-10-31,2012-11-20,Quality Sheds - Job 73133 - Delivery 10 Oct 2012 - 5 grams.    Boxholder Type: Total. Includes Linehaul.,1.1,97.1,,100,15% GST on income,Division,Circulars
Harcourts Taupo,C83464,,2012-10-31,2012-11-20,Harcourts Taupo - Job 73425 - Delivery IOA - 10 grams.    Boxholder Type: Total. ,1.497,91.1,,100,15% GST on income,Division,Circulars
,C83464,,2012-10-31,2012-11-20,Harcourts taupo - Job 73541 - Delivery IOA - 10 grams.    Boxholder Type: Lifestyle. ,0.15,91.1,,100,15% GST on income,Division,Circulars
Hastings District Co,C83465,,2012-10-31,2012-11-20,My Hastings - Job 72891 - Delivery 02 Oct 2012 - 10 grams.    Boxholder Type: Total. ,4.799,82.4,,100,15% GST on income,Division,Circulars
Hautapu Welders,C83466,,2012-10-31,2012-11-20,HW Industries Flyer - Job 73677 - Delivery 30 Oct 2012 - 10 grams.    Boxholder Type: Farmers. Includes Linehaul.,13.994,97.1,,100,15% GST on income,Division,Circulars
Heartland Rural Supp,C83467,,2012-10-31,2012-11-20,Heartland Rural Supplies - Job 72710 - Delivery 15 Oct 2012 - 10 grams.    Boxholder Type: Total. ,197.067,77.7,,100,15% GST on income,Division,Circulars
Herd Homes Systems L,C83468,,2012-10-31,2012-11-20,Herd Homes Flyer - Job 73498 - Delivery IOA - 10 grams.    Boxholder Type: Dairybeef. ,1.239,121.1,,100,15% GST on income,Division,Circulars
,C83468,,2012-10-31,2012-11-20,Herd Homes Flyer - Job 73499 - Delivery IOA - 10 grams.    Boxholder Type: Sheepbeef. ,2.489,97.1,,100,15% GST on income,Division,Circulars
,C83469,,2012-10-31,2012-11-20,Hortigro Flyer - Job 73328 - Delivery 09 Oct 2012 - 10 grams.    Boxholder Type: Dairy. Includes Linehaul.,1.215,123.5,,100,15% GST on income,Division,Circulars
Hynds Pipe Systems L,C83470,,2012-10-31,2012-11-20,Hynds Pipes Systems - Job 73397 - Delivery IOA - 10 grams.    Boxholder Type: Farmers. Includes Linehaul.,0.322,233,,100,15% GST on income,Division,Circulars
Local Matters 2005 L,C83471,,2012-10-31,2012-11-20,Hibiscus Matters - Job 73225 - Delivery 04 Oct 2012 - 35 grams.    Boxholder Type: Total. ,0.83,90.4,,100,15% GST on income,Division,Circulars
,C83471,,2012-10-31,2012-11-20,Hibiscus Matters - Job 73226 - Delivery 18 Oct 2012 - 35 grams.    Boxholder Type: Total. ,0.83,90.4,,100,15% GST on income,Division,Circulars
Lumberland,C83472,,2012-10-31,2012-11-20,Lumberland -Trade Prices - Job 73543 - Delivery 17 Oct 2012 - 20 grams.    Boxholder Type: Total. Includes Linehaul.,6.722,97.1,,100,15% GST on income,Division,Circulars
Mech Agriculture,C83473,L667,2012-10-31,2012-11-20,Mech Agriculture Edition 5 - Job 73289 - Delivery IOA - 25 grams.    Boxholder Type: Farmers. ,7.671,82.4,,100,15% GST on income,Division,Circulars
Mid-West Machinery L,C83474,S28877,2012-10-31,2012-11-20,Nevada Dairy Nutrient Solutions - Job 73181 - Delivery 02 Oct 2012 - 10 grams.    Boxholder Type: Dairy. ,2.83,87.4,,100,15% GST on income,Division,Circulars
Mid-West Machinery L,C83475,S28896,2012-10-31,2012-11-20,Your Deals - Job 73654 - Delivery 24 Oct 2012 - 20 grams.    Boxholder Type: Farmers. Includes Linehaul.,5.101,87.4,,100,15% GST on income,Division,Circulars
Netsmart,C83476,,2012-10-31,2012-11-20,Netsmart Mailing Campaign - Job 73154 - Delivery 09 Oct 2012 - 10 grams.    Boxholder Type: Total. Includes Linehaul.,6.362,97.1,,100,15% GST on income,Division,Circulars
,C83476,,2012-10-31,2012-11-20,Netsmart Mailing Campaign - Job 73155 - Delivery 17 Oct 2012 - 10 grams.    Boxholder Type: Total. Includes Linehaul.,9.54,97.1,,100,15% GST on income,Division,Circulars
North South Multimed,C83477,,2012-10-31,2012-11-20,Canterbury Farming - Job 73731 - Delivery 29 Oct 2012 - 60 grams.    Boxholder Type: Total. Includes Linehaul.,28.964,95.9,,100,15% GST on income,Division,Circulars
North South Multimed,C83478,,2012-10-31,2012-11-20,Kaipara Lifestyler - Job 72903 - Delivery 03 Oct 2012 - 75 grams.    Boxholder Type: Total. ,4.62,77.6,,100,15% GST on income,Division,Circulars
,C83478,,2012-10-31,2012-11-20,Kaipara Lifestyler - Job 72904 - Delivery 10 Oct 2012 - 75 grams.    Boxholder Type: Total. ,4.62,77.6,,100,15% GST on income,Division,Circulars
,C83478,,2012-10-31,2012-11-20,Kaipara Lifestyler - Job 73567 - Delivery 17 Oct 2012 - 75 grams.    Boxholder Type: Total. ,4.62,77.6,,100,15% GST on income,Division,Circulars
,C83478,,2012-10-31,2012-11-20,Kaipara Lifestyler - Job 73568 - Delivery 24 Oct 2012 - 75 grams.    Boxholder Type: Total. ,4.62,77.6,,100,15% GST on income,Division,Circulars
,C83478,,2012-10-31,2012-11-20,Kaipara Lifestyler - Job 73569 - Delivery 31 Oct 2012 - 75 grams.    Boxholder Type: Total. ,4.62,77.6,,100,15% GST on income,Division,Circulars
North South Multimed,C83479,,2012-10-31,2012-11-20,Northland Farming Lifestyler - Job 73662 - Delivery 23 Oct 2012 - 92 grams.    Boxholder Type: Total. ,33.082,95.9,,100,15% GST on income,Division,Circulars
North South Multimed,C83480,,2012-10-31,2012-11-20,Taranaki/Manawatu  Farming Lifestlye - Job 73396 - Delivery IOA - 70 grams.    Boxholder Type: Total. Includes Linehaul.,22.281,95.9,,100,15% GST on income,Division,Circulars
North South Multimed,C83481,,2012-10-31,2012-11-20,Waikato Farming Lifestyler - Job 73549 - Delivery 18 Oct 2012 - 70 grams.    Boxholder Type: Total. Includes Linehaul.,30.455,95.9,,100,15% GST on income,Division,Circulars
Norwoods Palmerston ,C83482,331947,2012-10-31,2012-11-20,Gisborne Ag Mag - Job 73048 - Delivery 29 Oct 2012 - 90 grams.    Boxholder Type: Total. Includes Linehaul.,2.247,123.1,,100,15% GST on income,Division,Circulars
Norwoods Palmerston ,C83483,,2012-10-31,2012-11-20,Hawkes Bay Ag Mag - Job 73687 - Delivery 29 Oct 2012 - 90 grams.    Boxholder Type: Total. Includes Linehaul.,8.056,123.1,,100,15% GST on income,Division,Circulars
NZ Rural Press Limit,C83484,,2012-10-31,2012-11-20,Dairyman - Job 73224 - Delivery IOA - 137 grams.    Boxholder Type: Dairy. Includes Linehaul.,26.321,122.1,,100,15% GST on income,Division,Circulars
NZ Rural Press Limit,C83485,,2012-10-31,2012-11-20,MOC CW Straight Furrow - Job 73725 - Delivery 29 Oct 2012 - 60 grams.    Boxholder Type: Farmers. Includes Linehaul.,70,92.1,,100,15% GST on income,Division,Circulars
NZ Rural Press Limit,C83486,,2012-10-31,2012-11-20,Straight Furrow - Job 72838 - Delivery 01 Oct 2012 - 70 grams.    Boxholder Type: Farmers. Includes Linehaul.,81.109,97.3,,100,15% GST on income,Division,Circulars
NZ Rural Press Limit,C83487,,2012-10-31,2012-11-20,Straight Furrow - Job 73424 - Delivery 15 Oct 2012 - 110 grams.    Boxholder Type: Farmers. Includes Linehaul.,81.109,122.1,,100,15% GST on income,Division,Circulars
NZ Rural Press Limit,C83488,,2012-10-31,2012-11-20,Straight Furrow - Job 73698 - Delivery 29 Oct 2012 - 115 grams.    Boxholder Type: Farmers. Includes Linehaul.,81.109,122.1,,100,15% GST on income,Division,Circulars
NZ Rural Press Limit,C83489,,2012-10-31,2012-11-20,Straight Furrow - Central - Job 73319 - Delivery 08 Oct 2012 - 281 grams.    Boxholder Type: Farmers. Includes Linehaul.,19.107,213.2,,100,15% GST on income,Division,Circulars
NZ Rural Press Limit,C83490,,2012-10-31,2012-11-20,Straight Furrow - Central - Job 73620 - Delivery 23 Oct 2012 - 86 grams.    Boxholder Type: Farmers. Includes Linehaul.,19.107,97.3,,100,15% GST on income,Division,Circulars
NZ Rural Press Limit,C83491,,2012-10-31,2012-11-20,Straight Furrow - North - Job 73320 - Delivery 08 Oct 2012 - 281 grams.    Boxholder Type: Farmers. Includes Linehaul.,37.064,213.2,,100,15% GST on income,Division,Circulars
NZ Rural Press Limit,C83492,,2012-10-31,2012-11-20,Straight Furrow - North - Job 73621 - Delivery 23 Oct 2012 - 86 grams.    Boxholder Type: Farmers. Includes Linehaul.,37.064,97.3,,100,15% GST on income,Division,Circulars
NZ Rural Press Limit,C83493,,2012-10-31,2012-11-20,Straight Furrow - South - Job 73318 - Delivery 08 Oct 2012 - 281 grams.    Boxholder Type: Farmers. Includes Linehaul.,24.968,213.2,,100,15% GST on income,Division,Circulars
NZ Rural Press Limit,C83494,,2012-10-31,2012-11-20,Straight Furrow - South - Job 73622 - Delivery 23 Oct 2012 - 86 grams.    Boxholder Type: Farmers. Includes Linehaul.,24.968,97.3,,100,15% GST on income,Division,Circulars
Orari Gorge Station,C83495,,2012-10-31,2012-11-20,Orari Gorge Romney Flyer - Job 73290 - Delivery IOA - 10 grams.    Boxholder Type: Sheepbeef. Includes Linehaul.,25.649,97.1,,100,15% GST on income,Division,Circulars
Pfizer Animal Health,C83496,N-3233535,2012-10-31,2012-11-20,Cydectin PO Calving Letter - Job 73346 - Delivery 10 Oct 2012 - 10 grams.    Boxholder Type: Dairy. Includes Linehaul.,26.365,97.1,,100,15% GST on income,Division,Circulars
Plastic Concepts,C83497,,2012-10-31,2012-11-20,Plastic Concepts - Job 73229 - Delivery IOA - 10 grams.    Boxholder Type: Farmers. Includes Linehaul.,40.181,97.1,,100,15% GST on income,Division,Circulars
PMP Distribution Lim,C83498,2448751,2012-10-31,2012-11-20,Bedstop Northland  - Job 73532 - Delivery 30 Oct 2012 - 10 grams.    Boxholder Type: Total. Includes Linehaul.,0.274,55.6,,100,15% GST on income,Division,Circulars
PMP Distribution Lim,C83499,2448314,2012-10-31,2012-11-20,Big Save  - Job 73354 - Delivery 30 Oct 2012 - 10 grams.    Boxholder Type: Total. Includes Linehaul.,5.954,55.6,,100,15% GST on income,Division,Circulars
PMP Distribution Lim,C83500,2449357,2012-10-31,2012-11-20,Bike barn - Job 73712 - Delivery 30 Oct 2012 - 10 grams.    Boxholder Type: Total. Includes Linehaul.,10.632,55.6,,100,15% GST on income,Division,Circulars
PMP Distribution Lim,C83501,2447509,2012-10-31,2012-11-20,Bond and Bond - Job 73200 - Delivery 30 Oct 2012 - 20 grams.    Boxholder Type: Total. Includes Linehaul.,5.67,55.6,,100,15% GST on income,Division,Circulars
PMP Distribution Lim,C83502,2448639,2012-10-31,2012-11-20,Briscoes - Job 73419 - Delivery 29 Oct 2012 - 25 grams.    Boxholder Type: Total. Includes Linehaul.,36.501,55.6,,100,15% GST on income,Division,Circulars
PMP Distribution Lim,C83503,2449048,2012-10-31,2012-11-20,Curtain Studio  - Job 73632 - Delivery 30 Oct 2012 - 10 grams.    Boxholder Type: Total. Includes Linehaul.,12.165,55.6,,100,15% GST on income,Division,Circulars
PMP Distribution Lim,C83504,2448259,2012-10-31,2012-11-20,DTR  - Job 73391 - Delivery 30 Oct 2012 - 20 grams.    Boxholder Type: Total. Includes Linehaul.,2.577,55.6,,100,15% GST on income,Division,Circulars
PMP Distribution Lim,C83505,2449281,2012-10-31,2012-11-20,Farm Skills Taratahi WITT - Job 73678 - Delivery 31 Oct 2012 - 10 grams.    Boxholder Type: Total. Includes Linehaul.,6.08,55.6,,100,15% GST on income,Division,Circulars
PMP Distribution Lim,C83506,2447707,2012-10-31,2012-11-20,Generation Homes Waipa/Coromandel - Job 73258 - Delivery 30 Oct 2012 - 10 grams.    Boxholder Type: Total. Includes Linehaul.,5.163,55.6,,100,15% GST on income,Division,Circulars
PMP Distribution Lim,C83507,2447833,2012-10-31,2012-11-20,Germinal Seeds SI - Job 73279 - Delivery 29 Oct 2012 - 10 grams.    Boxholder Type: Total. Includes Linehaul.,3.806,55.6,,100,15% GST on income,Division,Circulars
PMP Distribution Lim,C83508,2449217,2012-10-31,2012-11-20,Harvey Norman Furniture Bedding - Job 73691 - Delivery 30 Oct 2012 - 39 grams.    Boxholder Type: Total. Includes Linehaul.,167.347,59.7,,100,15% GST on income,Division,Circulars
PMP Distribution Lim,C83509,2448872,2012-10-31,2012-11-20,Hon Nick Smith Mailer - Job 73630 - Delivery 29 Oct 2012 - 10 grams.    Boxholder Type: Total. Includes Linehaul.,1.45,55.6,,100,15% GST on income,Division,Circulars
PMP Distribution Lim,C83510,2449306,2012-10-31,2012-11-20,Insight Traders Hawkes Bay - Job 73699 - Delivery 30 Oct 2012 - 10 grams.    Boxholder Type: Total. Includes Linehaul.,6.978,55.6,,100,15% GST on income,Division,Circulars
PMP Distribution Lim,C83511,2449460,2012-10-31,2012-11-20,Newlands Power Tool - Job 73706 - Delivery 29 Oct 2012 - 10 grams.    Boxholder Type: Total. Includes Linehaul.,6.245,55.6,,100,15% GST on income,Division,Circulars
PMP Distribution Lim,C83512,2448567,2012-10-31,2012-11-20,Noel Leeming - Job 73517 - Delivery 30 Oct 2012 - 40 grams.    Boxholder Type: Total. Includes Linehaul.,97.133,59.7,,100,15% GST on income,Division,Circulars
PMP Distribution Lim,C83513,2448583,2012-10-31,2012-11-20,Noel Leeming Nelson/Richmond - Job 73519 - Delivery 30 Oct 2012 - 20 grams.    Boxholder Type: Total. Includes Linehaul.,2.68,55.6,,100,15% GST on income,Division,Circulars
PMP Distribution Lim,C83514,2448894,2012-10-31,2012-11-20,Noel Leeming Silverdale Grand Opening - Job 73553 - Delivery 30 Oct 2012 - 20 grams.    Boxholder Type: Total. Includes Linehaul.,5.612,55.6,,100,15% GST on income,Division,Circulars
PMP Distribution Lim,C83515,2447520,2012-10-31,2012-11-20,North West Valley Voice - Job 73212 - Delivery 08 Oct 2012 - 60 grams.    Boxholder Type: Total. Includes Linehaul.,10.327,75.6,,100,15% GST on income,Division,Circulars
PMP Distribution Lim,C83516,2448744,2012-10-31,2012-11-20,NorthPower Donation Envelopes - Job 73565 - Delivery 29 Oct 2012 - 10 grams.    Boxholder Type: Total. Includes Linehaul.,11.73,55.6,,100,15% GST on income,Division,Circulars
PMP Distribution Lim,C83517,2448695,2012-10-31,2012-11-20,Sewerage Treatment Services - Job 73705 - Delivery 30 Oct 2012 - 10 grams.    Boxholder Type: Total. Includes Linehaul.,3.27,55.6,,100,15% GST on income,Division,Circulars
PMP Distribution Lim,C83518,2449155,2012-10-31,2012-11-20,Target Furniture Christchurch - Job 73690 - Delivery 30 Oct 2012 - 20 grams.    Boxholder Type: Total. Includes Linehaul.,0.03,55.6,,100,15% GST on income,Division,Circulars
PMP Distribution Lim,C83519,2449250,2012-10-31,2012-11-20,Target Mailer - Job 73701 - Delivery 30 Oct 2012 - 10 grams.    Boxholder Type: Total. Includes Linehaul.,1.565,55.6,,100,15% GST on income,Division,Circulars
PMP Distribution Lim,C83520,2448749,2012-10-31,2012-11-20,Top Energy Donation Envelopes - Job 73618 - Delivery 29 Oct 2012 - 10 grams.    Boxholder Type: Total. Includes Linehaul.,8.688,55.6,,100,15% GST on income,Division,Circulars
PMP Distribution Lim,C83521,2449150,2012-10-31,2012-11-20,Toyworld  - Job 73661 - Delivery 29 Oct 2012 - 50 grams.    Boxholder Type: Total. Includes Linehaul.,34.278,59.7,,100,15% GST on income,Division,Circulars
PMP Distribution Lim,C83522,2448684,2012-10-31,2012-11-20,Tyrepower - Job 73529 - Delivery 30 Oct 2012 - 10 grams.    Boxholder Type: Total. Includes Linehaul.,7.02,55.6,,100,15% GST on income,Division,Circulars
PMP Distribution Lim,C83523,2448175,2012-10-31,2012-11-20,We Sell North Canterbury - Job 73383 - Delivery 29 Oct 2012 - 10 grams.    Boxholder Type: Total. Includes Linehaul.,8.111,55.6,,100,15% GST on income,Division,Circulars
PMP Distribution Lim,C83524,2447690,2012-10-31,2012-11-20,Mid Canterbury Herald - Job 72973 - Delivery 03 Oct 2012 - 66 grams. Includes folding fee 0.0100 cents.   Boxholder Type: Total. ,3.911,90.8,,100,15% GST on income,Division,Circulars
,C83524,2447690,2012-10-31,2012-11-20,Mid Canterbury Herald - Job 72974 - Delivery 10 Oct 2012 - 76 grams. Includes folding fee 0.0100 cents.   Boxholder Type: Total. ,3.911,90.8,,100,15% GST on income,Division,Circulars
,C83524,2447690,2012-10-31,2012-11-20,Mid Canterbury Herald - Job 73455 - Delivery 17 Oct 2012 - 98 grams. Includes folding fee 0.0100 cents.   Boxholder Type: Total. ,3.911,90.8,,100,15% GST on income,Division,Circulars
,C83524,2447690,2012-10-31,2012-11-20,Mid Canterbury Herald - Job 73456 - Delivery 24 Oct 2012 - 66 grams. Includes folding fee 0.0100 cents.   Boxholder Type: Total. ,3.911,90.8,,100,15% GST on income,Division,Circulars
PMP Distribution Lim,C83525,2449443,2012-10-31,2012-11-20,Mid Canterbury Herald - Job 73457 - Delivery 31 Oct 2012 - 66 grams. Includes folding fee 0.0100 cents.   Boxholder Type: Total. ,3.911,90.8,,100,15% GST on income,Division,Circulars
PMP Distribution Lim,C83526,2447698,2012-10-31,2012-11-20,South Canterbury Herald - Job 72953 - Delivery 03 Oct 2012 - 98 grams. Includes folding fee 0.0100 cents.   Boxholder Type: Total. ,5.319,90.8,,100,15% GST on income,Division,Circulars
,C83526,2447698,2012-10-31,2012-11-20,South Canterbury Herald - Job 72954 - Delivery 10 Oct 2012 - 98 grams. Includes folding fee 0.0100 cents.   Boxholder Type: Total. ,5.319,90.8,,100,15% GST on income,Division,Circulars
,C83526,2447698,2012-10-31,2012-11-20,South Canterbury Herald - Job 73450 - Delivery 17 Oct 2012 - 120 grams. Includes folding fee 0.0100 cents.   Boxholder Type: Total. ,5.319,106.3,,100,15% GST on income,Division,Circulars
,C83526,2447698,2012-10-31,2012-11-20,South Canterbury Herald - Job 73451 - Delivery 24 Oct 2012 - 98 grams. Includes folding fee 0.0100 cents.   Boxholder Type: Total. ,5.319,90.8,,100,15% GST on income,Division,Circulars
PMP Distribution Lim,C83527,,2012-10-31,2012-11-20,South Canterbury Herald - Job 73452 - Delivery 31 Oct 2012 - 109 grams. Includes folding fee 0.0100 cents.   Boxholder Type: Total. ,5.319,106.3,,100,15% GST on income,Division,Circulars
PMP Distribution Lim,C83528,2447826,2012-10-31,2012-11-20,The Waitaki Herald Weekender - Job 72657 - Delivery 05 Oct 2012 - 55 grams. Includes folding fee 0.0100 cents.   Boxholder Type: Total. ,2.475,90.8,,100,15% GST on income,Division,Circulars
,C83528,2447826,2012-10-31,2012-11-20,The Waitaki Herald Weekender - Job 73335 - Delivery 12 Oct 2012 - 44 grams. Includes folding fee 0.0100 cents.   Boxholder Type: Total. ,2.475,75.8,,100,15% GST on income,Division,Circulars
,C83528,2447826,2012-10-31,2012-11-20,The Waitaki Herald Weekender - Job 73433 - Delivery 19 Oct 2012 - 44 grams. Includes folding fee 0.0100 cents.   Boxholder Type: Total. ,2.475,75.8,,100,15% GST on income,Division,Circulars
,C83528,2447826,2012-10-31,2012-11-20,The Waitaki Herald Weekender - Job 73434 - Delivery 26 Oct 2012 - 44 grams. Includes folding fee 0.0100 cents.   Boxholder Type: Total. ,2.475,75.8,,100,15% GST on income,Division,Circulars
PMP Distribution Lim,C83529,2447687,2012-10-31,2012-11-20,Waitaki Herald - Job 72996 - Delivery 03 Oct 2012 - 55 grams. Includes folding fee 0.0100 cents.   Boxholder Type: Total. ,2.475,90.8,,100,15% GST on income,Division,Circulars
,C83529,2447687,2012-10-31,2012-11-20,Waitaki Herald - Job 72997 - Delivery 10 Oct 2012 - 66 grams. Includes folding fee 0.0100 cents.   Boxholder Type: Total. ,2.475,90.8,,100,15% GST on income,Division,Circulars
,C83529,2447687,2012-10-31,2012-11-20,Waitaki Herald - Job 73243 - Delivery 17 Oct 2012 - 87 grams. Includes folding fee 0.0100 cents.   Boxholder Type: Total. ,2.475,90.8,,100,15% GST on income,Division,Circulars
,C83529,2447687,2012-10-31,2012-11-20,Waitaki Herald - Job 73244 - Delivery 24 Oct 2012 - 55 grams. Includes folding fee 0.0100 cents.   Boxholder Type: Total. ,2.475,90.8,,100,15% GST on income,Division,Circulars
PMP Distribution Lim,C83530,2449439,2012-10-31,2012-11-20,Waitaki Herald - Job 73245 - Delivery 31 Oct 2012 - 109 grams. Includes folding fee 0.0100 cents.   Boxholder Type: Total. ,2.475,106.3,,100,15% GST on income,Division,Circulars
PMP Distribution Lim,C83531,2448544,2012-10-31,2012-11-20,Peninsula Press - Job 72980 - Delivery 04 Oct 2012 - 48 grams.    Boxholder Type: Total. ,5.467,72.5,,100,15% GST on income,Division,Circulars
PMP Distribution Lim,C83532,2448545,2012-10-31,2012-11-20,Peninsula Press - Job 72981 - Delivery 11 Oct 2012 - 48 grams.    Boxholder Type: Total. ,5.467,72.5,,100,15% GST on income,Division,Circulars
PMP Distribution Lim,C83533,2448546,2012-10-31,2012-11-20,Peninsula Press - Job 73472 - Delivery 18 Oct 2012 - 48 grams.    Boxholder Type: Total. ,5.467,72.5,,100,15% GST on income,Division,Circulars
PMP Distribution Lim,C83534,2448547,2012-10-31,2012-11-20,Peninsula Press - Job 73473 - Delivery 25 Oct 2012 - 48 grams.    Boxholder Type: Total. ,5.467,72.5,,100,15% GST on income,Division,Circulars
PMP Distribution Lim,C83535, 2447765,2012-10-31,2012-11-20,Wairarapa News - Job 72966 - Delivery 04 Oct 2012 - 109 grams.    Boxholder Type: Total. ,5.291,127.5,,100,15% GST on income,Division,Circulars
PMP Distribution Lim,C83536,2447766,2012-10-31,2012-11-20,Wairarapa News - Job 72967 - Delivery 11 Oct 2012 - 87 grams.    Boxholder Type: Total. ,5.291,127.5,,100,15% GST on income,Division,Circulars
PMP Distribution Lim,C83537,2447767,2012-10-31,2012-11-20,Wairarapa News - Job 73482 - Delivery 18 Oct 2012 - 87 grams.    Boxholder Type: Total. ,5.291,127.5,,100,15% GST on income,Division,Circulars
PMP Distribution Lim,C83538,2447768,2012-10-31,2012-11-20,Wairarapa News - Job 73483 - Delivery 25 Oct 2012 - 93 grams.    Boxholder Type: Total. ,5.291,127.5,,100,15% GST on income,Division,Circulars
PMP Distribution Lim,C83539,2448552,2012-10-31,2012-11-20,Bay Weekend - Job 72939 - Delivery 06 Oct 2012 - 140 grams. Includes folding fee 0.0100 cents.   Boxholder Type: Total. ,4.308,106.3,,100,15% GST on income,Division,Circulars
,C83539,2448552,2012-10-31,2012-11-20,Bay Weekend - Job 72940 - Delivery 13 Oct 2012 - 110 grams. Includes folding fee 0.0100 cents.   Boxholder Type: Total. ,4.308,106.3,,100,15% GST on income,Division,Circulars
,C83539,2448552,2012-10-31,2012-11-20,Bay Weekend - Job 73818 - Delivery 20 Oct 2012 - 100 grams. Includes folding fee 0.0100 cents.   Boxholder Type: Total. ,4.308,106.3,,100,15% GST on income,Division,Circulars
,C83539,2448552,2012-10-31,2012-11-20,Bay Weekend - Job 73819 - Delivery 27 Oct 2012 - 100 grams. Includes folding fee 0.0100 cents.   Boxholder Type: Total. ,4.308,106.3,,100,15% GST on income,Division,Circulars
PMP Distribution Lim,C83540,2447438,2012-10-31,2012-11-20,Franklin Valley Voice - Job 73185 - Delivery 01 Oct 2012 - 66 grams.    Boxholder Type: Total. Includes Linehaul.,14.695,75.6,,100,15% GST on income,Division,Circulars
PMP Distribution Lim,C83541,2448519,2012-10-31,2012-11-20,Franklin Valley Voice - Job 73538 - Delivery 29 Oct 2012 - 63 grams.    Boxholder Type: Total. Includes Linehaul.,14.695,75.6,,100,15% GST on income,Division,Circulars
PMP Distribution Lim,C83542,2447769,2012-10-31,2012-11-20,Guardian Country - Job 73326 - Delivery 25 Oct 2012 - 21 grams.    Boxholder Type: Total. ,9.193,53.6,,100,15% GST on income,Division,Circulars
PMP Distribution Lim,C83543, 2447773 ,2012-10-31,2012-11-20,Guardian Newspaper - Job 72947 - Delivery 04 Oct 2012 - 110 grams.    Boxholder Type: Total. ,1.81,96.3,,100,15% GST on income,Division,Circulars
,C83543, 2447773 ,2012-10-31,2012-11-20,Guardian Newspaper - Job 72948 - Delivery 11 Oct 2012 - 110 grams.    Boxholder Type: Total. ,1.81,96.3,,100,15% GST on income,Division,Circulars
,C83543, 2447773 ,2012-10-31,2012-11-20,Guardian Newspaper - Job 73467 - Delivery 18 Oct 2012 - 110 grams.    Boxholder Type: Total. ,1.81,96.3,,100,15% GST on income,Division,Circulars
,C83543, 2447773 ,2012-10-31,2012-11-20,Guardian Newspaper - Job 73468 - Delivery 25 Oct 2012 - 110 grams.    Boxholder Type: Total. ,1.81,96.3,,100,15% GST on income,Division,Circulars
PMP Distribution Lim,C83544,2447665,2012-10-31,2012-11-20,Hawkesbay Country Scene - Job 73242 - Delivery 03 Oct 2012 - 60 grams.    Boxholder Type: Total. ,6.554,80.8,,100,15% GST on income,Division,Circulars
PMP Distribution Lim,C83545,2447734,2012-10-31,2012-11-20,Invercargill Eye - Job 72962 - Delivery 04 Oct 2012 - 44 grams.    Boxholder Type: Total. ,2.288,65.8,,100,15% GST on income,Division,Circulars
,C83545,2447734,2012-10-31,2012-11-20,Invercargill Eye - Job 72963 - Delivery 11 Oct 2012 - 44 grams.    Boxholder Type: Total. ,2.288,65.8,,100,15% GST on income,Division,Circulars
,C83545,2447734,2012-10-31,2012-11-20,Invercargill Eye - Job 73445 - Delivery 18 Oct 2012 - 44 grams.    Boxholder Type: Total. ,2.288,65.8,,100,15% GST on income,Division,Circulars
,C83545,2447734,2012-10-31,2012-11-20,Invercargill Eye - Job 73446 - Delivery 25 Oct 2012 - 44 grams.    Boxholder Type: Total. ,2.288,65.8,,100,15% GST on income,Division,Circulars
PMP Distribution Lim,C83546,2445551,2012-10-31,2012-11-20,Lake Taupo Property Press - Job 72870 - Delivery 04 Oct 2012 - 219 grams. Includes folding fee 0.0100 cents.   Boxholder Type: Total. ,1.47,138.4,,100,15% GST on income,Division,Circulars
,C83546,2445551,2012-10-31,2012-11-20,Lake Taupo Property Press - Job 72871 - Delivery 18 Oct 2012 - 298 grams. Includes folding fee 0.0100 cents.   Boxholder Type: Total. ,1.47,154.5,,100,15% GST on income,Division,Circulars
PMP Distribution Lim,C83547,2447817,2012-10-31,2012-11-20,Metropol - Job 73332 - Delivery 11 Oct 2012 - 208 grams. Includes folding fee 0.0100 cents.   Boxholder Type: Lifestyle. ,1.57,138.4,,100,15% GST on income,Division,Circulars
,C83547,2447817,2012-10-31,2012-11-20,Metropol - Job 73333 - Delivery 25 Oct 2012 - 225 grams. Includes folding fee 0.0100 cents.   Boxholder Type: Lifestyle. ,1.57,138.4,,100,15% GST on income,Division,Circulars
PMP Distribution Lim,C83548,2447798,2012-10-31,2012-11-20,Napier Mail - Job 72086 - Delivery 02 Oct 2012 - 87 grams. Includes folding fee 0.0100 cents.   Boxholder Type: Total. ,1.56,106.1,,100,15% GST on income,Division,Circulars
,C83548,2447798,2012-10-31,2012-11-20,Napier Mail - Job 73334 - Delivery 09 Oct 2012 - 87 grams. Includes folding fee 0.0100 cents.   Boxholder Type: Total. ,1.56,106.1,,100,15% GST on income,Division,Circulars
,C83548,2447798,2012-10-31,2012-11-20,Napier Mail - Job 73440 - Delivery 19 Oct 2012 - 87 grams. Includes folding fee 0.0100 cents.   Boxholder Type: Total. ,1.56,106.1,,100,15% GST on income,Division,Circulars
,C83548,2447798,2012-10-31,2012-11-20,Napier Mail - Job 73441 - Delivery 26 Oct 2012 - 87 grams. Includes folding fee 0.0100 cents.   Boxholder Type: Total. ,1.56,106.1,,100,15% GST on income,Division,Circulars
PMP Distribution Lim,C83549,2447640,2012-10-31,2012-11-20,North Canterbury News - Job 72976 - Delivery 02 Oct 2012 - 76 grams. Includes folding fee 0.0100 cents.   Boxholder Type: Total. ,7.123,90.8,,100,15% GST on income,Division,Circulars
,C83549,2447640,2012-10-31,2012-11-20,North Canterbury News - Job 72977 - Delivery 09 Oct 2012 - 76 grams. Includes folding fee 0.0100 cents.   Boxholder Type: Total. ,7.123,90.8,,100,15% GST on income,Division,Circulars
,C83549,2447640,2012-10-31,2012-11-20,North Canterbury News - Job 73232 - Delivery 16 Oct 2012 - 76 grams. Includes folding fee 0.0100 cents.   Boxholder Type: Total. ,7.123,90.8,,100,15% GST on income,Division,Circulars
,C83549,2447640,2012-10-31,2012-11-20,North Canterbury News - Job 73233 - Delivery 23 Oct 2012 - 76 grams. Includes folding fee 0.0100 cents.   Boxholder Type: Total. ,7.123,90.8,,100,15% GST on income,Division,Circulars
PMP Distribution Lim,C83550,2449249,2012-10-31,2012-11-20,North Canterbury News - Job 73234 - Delivery 30 Oct 2012 - 76 grams. Includes folding fee 0.0100 cents.   Boxholder Type: Total. ,7.123,90.8,,100,15% GST on income,Division,Circulars
PMP Distribution Lim,C83551,2447776,2012-10-31,2012-11-20,Rangitikei Mail - Job 73021 - Delivery 04 Oct 2012 - 70 grams. Includes folding fee 0.0100 cents.   Boxholder Type: Total. ,0.8,187.5,,100,15% GST on income,Division,Circulars
,C83551,2447776,2012-10-31,2012-11-20,Rangitikei Mail - Job 73022 - Delivery 11 Oct 2012 - 70 grams. Includes folding fee 0.0100 cents.   Boxholder Type: Total. ,0.8,187.5,,100,15% GST on income,Division,Circulars
,C83551,2447776,2012-10-31,2012-11-20,Rangitikei Mail - Job 73477 - Delivery 18 Oct 2012 - 70 grams. Includes folding fee 0.0100 cents.   Boxholder Type: Total. ,0.8,187.5,,100,15% GST on income,Division,Circulars
,C83551,2447776,2012-10-31,2012-11-20,Rangitikei Mail - Job 73478 - Delivery 25 Oct 2012 - 70 grams. Includes folding fee 0.0100 cents.   Boxholder Type: Total. ,0.8,187.5,,100,15% GST on income,Division,Circulars
PMP Distribution Lim,C83552,2447648,2012-10-31,2012-11-20,Selwyn Times - Job 72992 - Delivery 02 Oct 2012 - 87 grams. Includes folding fee 0.0100 cents.   Boxholder Type: Total. ,6.799,90.8,,100,15% GST on income,Division,Circulars
,C83552,2447648,2012-10-31,2012-11-20,Selwyn Times - Job 72993 - Delivery 09 Oct 2012 - 87 grams. Includes folding fee 0.0100 cents.   Boxholder Type: Total. ,6.799,90.8,,100,15% GST on income,Division,Circulars
,C83552,2447648,2012-10-31,2012-11-20,Selwyn Times - Job 73461 - Delivery 16 Oct 2012 - 98 grams. Includes folding fee 0.0100 cents.   Boxholder Type: Total. ,6.419,90.8,,100,15% GST on income,Division,Circulars
,C83552,2447648,2012-10-31,2012-11-20,Selwyn Times - Job 73462 - Delivery 23 Oct 2012 - 76 grams. Includes folding fee 0.0100 cents.   Boxholder Type: Total. ,6.419,90.8,,100,15% GST on income,Division,Circulars
PMP Distribution Lim,C83553,2449252,2012-10-31,2012-11-20,Selwyn Times - Job 73463 - Delivery 30 Oct 2012 - 76 grams. Includes folding fee 0.0100 cents.   Boxholder Type: Total. ,6.419,90.8,,100,15% GST on income,Division,Circulars
PMP Distribution Lim,C83554,2448558,2012-10-31,2012-11-20,Weekend Sun - Job 72984 - Delivery 05 Oct 2012 - 198 grams. Includes folding fee 0.0100 cents.   Boxholder Type: Total. Includes Linehaul.,10.773,157.7,,100,15% GST on income,Division,Circulars
,C83554,2448558,2012-10-31,2012-11-20,Weekend Sun - Job 72985 - Delivery 12 Oct 2012 - 194 grams. Includes folding fee 0.0100 cents.   Boxholder Type: Total. Includes Linehaul.,10.773,157.7,,100,15% GST on income,Division,Circulars
,C83554,2448558,2012-10-31,2012-11-20,Weekend Sun - Job 73487 - Delivery 19 Oct 2012 - 224 grams. Includes folding fee 0.0100 cents.   Boxholder Type: Total. Includes Linehaul.,10.773,182.3,,100,15% GST on income,Division,Circulars
,C83554,2448558,2012-10-31,2012-11-20,Weekend Sun - Job 73488 - Delivery 26 Oct 2012 - 207 grams. Includes folding fee 0.0100 cents.   Boxholder Type: Total. Includes Linehaul.,10.773,182.3,,100,15% GST on income,Division,Circulars
PMP Distribution Lim,C83555,2445552,2012-10-31,2012-11-20,Whangarei Report - Job 72869 - Delivery 04 Oct 2012 - 90 grams. Includes folding fee 0.0100 cents.   Boxholder Type: Total. ,7.921,90.8,,100,15% GST on income,Division,Circulars
,C83555,2445552,2012-10-31,2012-11-20,Whangarei Report - Job 73327 - Delivery 11 Oct 2012 - 80 grams. Includes folding fee 0.0100 cents.   Boxholder Type: Total. ,7.921,90.8,,100,15% GST on income,Division,Circulars
,C83555,2445552,2012-10-31,2012-11-20,Whangarei Report - Job 73492 - Delivery 18 Oct 2012 - 90 grams. Includes folding fee 0.0100 cents.   Boxholder Type: Total. ,7.921,90.8,,100,15% GST on income,Division,Circulars
,C83555,2445552,2012-10-31,2012-11-20,Whangarei Report - Job 73493 - Delivery 25 Oct 2012 - 90 grams. Includes folding fee 0.0100 cents.   Boxholder Type: Total. ,7.921,90.8,,100,15% GST on income,Division,Circulars
PMP Distribution Lim,C83556, 2445553,2012-10-31,2012-11-20,Your Cambridge News - Job 73336 - Delivery 11 Oct 2012 - 125 grams. Includes folding fee 0.0100 cents.   Boxholder Type: Total. ,4.04,106.3,,100,15% GST on income,Division,Circulars
,C83556, 2445553,2012-10-31,2012-11-20,Your Cambridge News - Job 73337 - Delivery 25 Oct 2012 - 115 grams. Includes folding fee 0.0100 cents.   Boxholder Type: Total. ,4.04,106.3,,100,15% GST on income,Division,Circulars
,C83557,2449833,2012-10-31,2012-11-20,Post Office Boxes - Job 73756 - Delivery 31 Oct 2012 - 20 grams.    Boxholder Type: Total. ,321.754,13.5,,100,15% GST on income,Division,Circulars
,C83558,2449835,2012-10-31,2012-11-20,Post Office Boxes - Job 73757 - Delivery 31 Oct 2012 - 20 grams.    Boxholder Type: Total. ,142.782,13.5,,100,15% GST on income,Division,Circulars
Property Brokers Ash,C83559,Rachel Curd,2012-10-31,2012-11-20,Careful Development Ensures Income - Job 73721 - Delivery 29 Oct 2012 - 10 grams.    Boxholder Type: Total. Includes Linehaul.,2.335,97.1,,100,15% GST on income,Division,Circulars
Property Brokers Ash,C83560,Rachel Curd,2012-10-31,2012-11-20,Country Living At Its Best - Job 73720 - Delivery 29 Oct 2012 - 10 grams.    Boxholder Type: Total. Includes Linehaul.,1.242,97.1,,100,15% GST on income,Division,Circulars
Property Brokers Ash,C83561,Rachel Curd,2012-10-31,2012-11-20,Dairy Investment With Scale - Job 73722 - Delivery 29 Oct 2012 - 10 grams.    Boxholder Type: Total. Includes Linehaul.,2.501,97.1,,100,15% GST on income,Division,Circulars
Property Brokers Pal,C83562,,2012-10-31,2012-11-20,Rural Outlook - Job 73298 - Delivery IOA - 57 grams.    Boxholder Type: Farmers. Includes Linehaul.,16.247,135.4,,100,15% GST on income,Division,Circulars
ACP Media Limited,C83563,,2012-10-31,2012-11-20,P/P - BOP 1 - Job 73000 - Delivery 04 Oct 2012 - 134 grams. Includes folding fee 0.0100 cents.   Boxholder Type: Total. ,4.717,106.8,,100,15% GST on income,Division,Circulars
,C83563,,2012-10-31,2012-11-20,P/P - BOP 1 - Job 73001 - Delivery 18 Oct 2012 - 174 grams. Includes folding fee 0.0100 cents.   Boxholder Type: Total. ,4.717,128.3,,100,15% GST on income,Division,Circulars
ACP Media Limited,C83564,,2012-10-31,2012-11-20,P/P - BOP 2 - Job 73003 - Delivery 12 Oct 2012 - 152 grams. Includes folding fee 0.0100 cents.   Boxholder Type: Total. ,3.124,128.3,,100,15% GST on income,Division,Circulars
,C83564,,2012-10-31,2012-11-20,P/P - BOP 2 - Job 73004 - Delivery 26 Oct 2012 - 130 grams. Includes folding fee 0.0100 cents.   Boxholder Type: Total. ,3.124,106.8,,100,15% GST on income,Division,Circulars
ACP Media Limited,C83565,,2012-10-31,2012-11-20,P/P - Eastern 1 - Job 73006 - Delivery 12 Oct 2012 - 286 grams. Includes folding fee 0.0100 cents.   Boxholder Type: Total. Includes Linehaul.,0.46,336.1,,100,15% GST on income,Division,Circulars
,C83565,,2012-10-31,2012-11-20,P/P - Eastern 1 - Job 73007 - Delivery 26 Oct 2012 - 371 grams. Includes folding fee 0.0100 cents.   Boxholder Type: Total. Includes Linehaul.,0.46,336.1,,100,15% GST on income,Division,Circulars
ACP Media Limited,C83566,,2012-10-31,2012-11-20,P/P - Eastern 2 - Job 73008 - Delivery 05 Oct 2012 - 241 grams. Includes folding fee 0.0100 cents.   Boxholder Type: Total. Includes Linehaul.,0.371,404.3,,100,15% GST on income,Division,Circulars
,C83566,,2012-10-31,2012-11-20,P/P - Eastern 2 - Job 73009 - Delivery 19 Oct 2012 - 304 grams. Includes folding fee 0.0100 cents.   Boxholder Type: Total. Includes Linehaul.,0.371,404.3,,100,15% GST on income,Division,Circulars
ACP Media Limited,C83567,,2012-10-31,2012-11-20,P/P - Lakes District - Job 73012 - Delivery 04 Oct 2012 - 266 grams. Includes folding fee 0.0100 cents.   Boxholder Type: Total. ,2.67,160.5,,100,15% GST on income,Division,Circulars
,C83567,,2012-10-31,2012-11-20,P/P - Lakes District - Job 73013 - Delivery 18 Oct 2012 - 299 grams. Includes folding fee 0.0100 cents.   Boxholder Type: Total. ,2.67,160.5,,100,15% GST on income,Division,Circulars
ACP Media Limited,C83568,,2012-10-31,2012-11-20,P/P - Manawatu1 - Job 73014 - Delivery 06 Oct 2012 - 98 grams. Includes folding fee 0.0100 cents.   Boxholder Type: Total. ,2.87,96,,100,15% GST on income,Division,Circulars
,C83568,,2012-10-31,2012-11-20,P/P - Manawatu1 - Job 73015 - Delivery 20 Oct 2012 - 114 grams. Includes folding fee 0.0100 cents.   Boxholder Type: Total. ,2.87,106.8,,100,15% GST on income,Division,Circulars
ACP Media Limited,C83569,,2012-10-31,2012-11-20,P/P - Manawatu2 - Job 73017 - Delivery 13 Oct 2012 - 114 grams. Includes folding fee 0.0100 cents.   Boxholder Type: Total. ,3.788,106.8,,100,15% GST on income,Division,Circulars
,C83569,,2012-10-31,2012-11-20,P/P - Manawatu2 - Job 73018 - Delivery 27 Oct 2012 - 114 grams. Includes folding fee 0.0100 cents.   Boxholder Type: Total. ,3.788,106.8,,100,15% GST on income,Division,Circulars
Pye Partnership,C83570,,2012-10-31,2012-11-20,Pye Contracting Flyer - Job 73552 - Delivery 24 Oct 2012 - 10 grams.    Boxholder Type: Farmers. Includes Linehaul.,2.382,97.1,,100,15% GST on income,Division,Circulars
Ray White Hamilton,C83571,,2012-10-31,2012-11-20,Ray White Calenders - Job 73288 - Delivery IOA - 20 grams.    Boxholder Type: Total. Includes Linehaul.,6.92,97.1,,100,15% GST on income,Division,Circulars
Fairfax - Southland ,C83572,,2012-10-31,2012-11-20,Otago Southland Farmer - Job 73329 - Delivery 05 Oct 2012 - 0 grams. Includes folding fee 0.0100 cents.   Boxholder Type: Total. ,19.281,85,,100,15% GST on income,Division,Circulars
,C83572,,2012-10-31,2012-11-20,Otago Southland Farmer - Job 73330 - Delivery 19 Oct 2012 - 0 grams. Includes folding fee 0.0100 cents.   Boxholder Type: Total. ,19.281,85,,100,15% GST on income,Division,Circulars
Steelfort Engineerin,C83573,,2012-10-31,2012-11-20,Steelfort - Instore Now - Job 73090 - Delivery 02 Oct 2012 - 16 grams.    Boxholder Type: Total. Includes Linehaul.,193.91,79.7,,100,15% GST on income,Division,Circulars
Sun Media,C83574,,2012-10-31,2012-11-20,Coast N Country - Job 72853 - Delivery 04 Oct 2012 - 222 grams.    Boxholder Type: Farmers. Includes Linehaul.,24.986,116.3,,100,15% GST on income,Division,Circulars
,C83574,,2012-10-31,2012-11-20,Coast N Country - Job 72854 - Delivery 04 Oct 2012 - 222 grams.    Boxholder Type: Hort. Includes Linehaul.,3.839,116.3,,100,15% GST on income,Division,Circulars
Terry Frost,C83575,,2012-10-31,2012-11-20,Ag Direct - Job 73265 - Delivery 02 Oct 2012 - 10 grams.    Boxholder Type: Dairy. ,0.618,121.4,,100,15% GST on income,Division,Circulars
Totally Vets,C83576,,2012-10-31,2012-11-20,Tararua District Field Day - Job 73422 - Delivery IOA - 10 grams.    Boxholder Type: Sheepbeef. Includes Linehaul.,3.266,97.1,,100,15% GST on income,Division,Circulars
Totally Vets,C83577,,2012-10-31,2012-11-20,Wanstead Porangahau Focus Group - Job 73264 - Delivery 03 Oct 2012 - 10 grams.    Boxholder Type: Sheepbeef. Includes Linehaul.,2.311,97.1,,100,15% GST on income,Division,Circulars
Tracta,C83578,66336,2012-10-31,2012-11-20,Ingham Feeds - Job 73215 - Delivery 02 Oct 2012 - 250 grams.    Boxholder Type: Dairy. Includes Linehaul.,10.344,97.1,,100,15% GST on income,Division,Circulars
Tru Test Ltd,C83579,TBA,2012-10-31,2012-11-20,Weighside - Job 73727 - Delivery IOA - 22 grams.    Boxholder Type: Dairy. Includes Linehaul.,71.522,97.1,,100,15% GST on income,Division,Circulars
,C83579,TBA,2012-10-31,2012-11-20,Weighside - Job 73728 - Delivery IOA - 22 grams.    Boxholder Type: Sheepbeef. Includes Linehaul.,71.522,97.1,,100,15% GST on income,Division,Circulars
Twin Farm Ltd,C83580,,2012-10-31,2012-11-20,Twim Farms Flyer - Job 73729 - Delivery IOA - 10 grams.    Boxholder Type: Sheep. ,4.852,97.1,,100,15% GST on income,Division,Circulars

